imagelink,title
"https://images-eu.ssl-images-amazon.com/images/I/81CMUXKvxNL._AC_UL302_SR302,200_.jpg",Casa de cielo y aliento (Ciudad Medialuna 2)
"https://images-eu.ssl-images-amazon.com/images/I/71U6m53qBpL._AC_UL302_SR302,200_.jpg",Mermaid Melody Pichi Pichi Pitch 01
"https://images-eu.ssl-images-amazon.com/images/I/81lXJZl0V8L._AC_UL302_SR302,200_.jpg",Fulgor (Serie Crave 4) (Planeta Internacional)
"https://images-eu.ssl-images-amazon.com/images/I/8137pZXGy+L._AC_UL302_SR302,200_.jpg",Por si las voces vuelven (No Ficción)
"https://images-eu.ssl-images-amazon.com/images/I/812jpl0ydVL._AC_UL302_SR302,200_.jpg",Cuentos afilados en noches extrañas y otras puñaladas ((Fuera de colección))
"https://images-eu.ssl-images-amazon.com/images/I/712cARV+H7S._AC_UL302_SR302,200_.jpg",Encuentra tu persona vitamina (F. COLECCION)
"https://images-eu.ssl-images-amazon.com/images/I/81yZvh71EML._AC_UL302_SR302,200_.jpg","Cómo hacer que te pasen cosas buenas: Entiende tu cerebro, gestiona tus emociones, mejora tu vida (Fuera de colección)"
"https://images-eu.ssl-images-amazon.com/images/I/81vO-0SZ02L._AC_UL302_SR302,200_.jpg",Cocina keto: 100 recetas tradicionales adaptadas a la dieta cetogénica (Alimentación saludable)
"https://images-eu.ssl-images-amazon.com/images/I/61gg04-YLlL._AC_UL302_SR302,200_.jpg","¿Por qué me duele la tripa?: Reparación digestiva, microbiota, adelgazamiento y salud (No Ficción)"
"https://images-eu.ssl-images-amazon.com/images/I/919hB5aS4AL._AC_UL302_SR302,200_.jpg","Los trucos de los ricos 2ª parte: 92 trucos para comprar inmuebles, crear tu propio patrimonio y vivir de las rentas (Deusto)"
"https://images-eu.ssl-images-amazon.com/images/I/71AYntUE8mL._AC_UL302_SR302,200_.jpg","Me quiero, te quiero: Una guía para desarrollar relaciones sanas (y mejorar las que ya tienes) (Bruguera Tendencias)"
"https://images-eu.ssl-images-amazon.com/images/I/81PFtvKlQTL._AC_UL302_SR302,200_.jpg",El Libro Negro de las Horas (Autores Españoles e Iberoamericanos)
"https://images-eu.ssl-images-amazon.com/images/I/81vNINk2zRL._AC_UL302_SR302,200_.jpg",La cuenta atrás para el verano: La vida son recuerdos y los míos tienen nombres de persona (Novela)
"https://images-eu.ssl-images-amazon.com/images/I/71FxTs7+B1L._AC_UL302_SR302,200_.jpg",Invisible (Nube de Tinta)
"https://images-eu.ssl-images-amazon.com/images/I/71OzOdID0-L._AC_UL302_SR302,200_.jpg",Antes de diciembre (Wattpad)
"https://images-eu.ssl-images-amazon.com/images/I/81TCtCk4UdL._AC_UL302_SR302,200_.jpg","Las guerreras Maxwell, 7. Atrévete a retarme (Medieval / Highlander)"
"https://images-eu.ssl-images-amazon.com/images/I/913iZ6rh2oL._AC_UL302_SR302,200_.jpg",Las aventuras de Dani y Evan 5. El tesoro del T-Rex dorado (Jóvenes influencers)
"https://images-eu.ssl-images-amazon.com/images/I/818VNbq81ZL._AC_UL302_SR302,200_.jpg",Boulevard (Libro 1): Edición revisada por la autora (Wattpad)
"https://images-eu.ssl-images-amazon.com/images/I/71hHAjSYR3L._AC_UL302_SR302,200_.jpg",El poder del ahora: una guía para la iluminación espiritual (Perenne)
"https://images-eu.ssl-images-amazon.com/images/I/71kVlpyzn-L._AC_UL302_SR302,200_.jpg","La guía definitiva de caligrafía moderna y lettering a mano para principiantes: Aprende a dibujar letras: un cuaderno de actividades que incluye consejos, técnicas, páginas para practicar y proyectos"
"https://images-eu.ssl-images-amazon.com/images/I/81yvcCjauaL._AC_UL302_SR302,200_.jpg",A través de mi ventana (Trilogía Hermanos Hidalgo 1)
"https://images-eu.ssl-images-amazon.com/images/I/81-j6E3V2WL._AC_UL302_SR302,200_.jpg",El cerebro del niño explicado a los padres (Plataforma Actual)
"https://images-eu.ssl-images-amazon.com/images/I/81cHVQqafZL._AC_UL302_SR302,200_.jpg","El gran libro de Lucía, mi pediatra: La guía más completa y actualizada sobre la salud de tu hijo desde el nacimiento a la adolescencia (No Ficción)"
"https://images-eu.ssl-images-amazon.com/images/I/910Pz83E9bL._AC_UL302_SR302,200_.jpg",Pokémon Súper Extra Delux Guía esencial definitiva
"https://images-eu.ssl-images-amazon.com/images/I/716GaLQav8S._AC_UL302_SR302,200_.jpg",Violeta: 1001 (Éxitos)
"https://images-eu.ssl-images-amazon.com/images/I/8177GEknlFL._AC_UL302_SR302,200_.jpg",Aprender a leer en la Escuela de Monstruos 1 - La mascota más grandota: En letra MAYÚSCULA para aprender a leer (Libros para niños a partir de 5 años)
"https://images-eu.ssl-images-amazon.com/images/I/81rs8608VoL._AC_UL302_SR302,200_.jpg",Nosotros en la luna (Novela)
"https://images-eu.ssl-images-amazon.com/images/I/71prwdyuE7L._AC_UL302_SR302,200_.jpg","Hábitos atómicos: Cambios pequeños, resultados extraordinarios (Autoconocimiento)"
"https://images-eu.ssl-images-amazon.com/images/I/81MAQ+fkjrL._AC_UL302_SR302,200_.jpg",El Hombre en busca de Sentido
"https://images-eu.ssl-images-amazon.com/images/I/81GE7b3CDUL._AC_UL302_SR302,200_.jpg",El gran salto: Con la colaboración de Roger Pascual (PENINSULA)
"https://images-eu.ssl-images-amazon.com/images/I/817Bf1aSLIL._AC_UL302_SR302,200_.jpg",Aprende a dibujar con Pokémon (Colección Pokémon)
"https://images-eu.ssl-images-amazon.com/images/I/71T7wyHpAdL._AC_UL302_SR302,200_.jpg",TOKYO REVENGERS 04
"https://images-eu.ssl-images-amazon.com/images/I/81HGJhHRQGL._AC_UL302_SR302,200_.jpg",ESTUCHE DEJA QUE OCURRA (ALICE KELLEN) (Novela)
"https://images-eu.ssl-images-amazon.com/images/I/71Nl0XohhdL._AC_UL302_SR302,200_.jpg","Ser mamá. Guía del embarazo, parto y posparto con ciencia y emoción (Embarazo, bebé y crianza)"
"https://images-eu.ssl-images-amazon.com/images/I/91W-zMfhy6L._AC_UL302_SR302,200_.jpg",Destroza este diario. Ahora a todo color (Libros Singulares)
"https://images-eu.ssl-images-amazon.com/images/I/91obFdqhuDL._AC_UL302_SR302,200_.jpg",El arte de engañar al karma (Best Seller)
"https://images-eu.ssl-images-amazon.com/images/I/91JP8Ww8XIL._AC_UL302_SR302,200_.jpg",Encanto. Supercolor: Libro para colorear con pegatinas (Disney. Encanto)
"https://images-eu.ssl-images-amazon.com/images/I/91UATodTy9L._AC_UL302_SR302,200_.jpg",Trilogía Fuego 1. Ciudades de humo (Ficción)
"https://images-eu.ssl-images-amazon.com/images/I/81MiWXjWZ5L._AC_UL302_SR302,200_.jpg",Los Once 2. El portero con los brazos más largos del mundo
"https://images-eu.ssl-images-amazon.com/images/I/81KbajSAThL._AC_UL302_SR302,200_.jpg",El monje que vendió su Ferrari: Una fábula espiritual (Clave)
"https://images-eu.ssl-images-amazon.com/images/I/81qeAedm6RL._AC_UL302_SR302,200_.jpg",Así se domina el mundo: Desvelando las claves del poder mundial (Ariel)
"https://images-eu.ssl-images-amazon.com/images/I/71ThV4IDZ8L._AC_UL302_SR302,200_.jpg",El cerebro del adolescente: Descubre cómo funciona para entenderlos y acompañarlos (Familia y escuela)
"https://images-eu.ssl-images-amazon.com/images/I/81BQqunvz8S._AC_UL302_SR302,200_.jpg",Tus zonas erróneas: Guía para combatir las causas de la infelicidad (Clave)
"https://images-eu.ssl-images-amazon.com/images/I/81VcpCdaEbL._AC_UL302_SR302,200_.jpg",Historia de un gato (Lumen Gráfica)
"https://images-eu.ssl-images-amazon.com/images/I/61eQJm+GCxL._AC_UL302_SR302,200_.jpg","Invicto: Logra Más, Sufre Menos: Entrenamiento mental para lograr más y sufrir menos"
"https://images-eu.ssl-images-amazon.com/images/I/71RpXGdf2dL._AC_UL302_SR302,200_.jpg",Deja de ser tú (Crecimiento personal)
"https://images-eu.ssl-images-amazon.com/images/I/71a6HTvHxrL._AC_UL302_SR302,200_.jpg","Sin miedo: El método comprobado para superar la ansiedad, las obsesiones, la hipocondría y cualquier temor irracional (Psicología)"
"https://images-eu.ssl-images-amazon.com/images/I/91jH2-++YPL._AC_UL302_SR302,200_.jpg",Anna Kadabra 1. El Club de la Luna Llena
"https://images-eu.ssl-images-amazon.com/images/I/71n1ncKjAYL._AC_UL302_SR302,200_.jpg",Trilogía Culpables (pack con: Culpa mía | Culpa tuya | Culpa nuestra): 603016 (Ficción)
"https://images-eu.ssl-images-amazon.com/images/I/61h87G8YWSL._AC_UL302_SR302,200_.jpg",APRENDER A ESCRIBIR LETRAS Y NÚMEROS CON PAUTA MONTESSORI: Caligrafía iniciación a lectoescritura niños de 3 4 5 6 años . Libro de escritura letra ... y escribir letras mayúsculas y minúsculas
"https://images-eu.ssl-images-amazon.com/images/I/81D1x+7jTYL._AC_UL302_SR302,200_.jpg",Compas 6. Los Compas y la Entidad.Exe (4You2)
"https://images-eu.ssl-images-amazon.com/images/I/81+OpapnDaL._AC_UL302_SR302,200_.jpg",Compas 1. Los Compas y el diamantito legendario (nueva presentación) (4You2)
"https://images-eu.ssl-images-amazon.com/images/I/71jtZdsDQFL._AC_UL302_SR302,200_.jpg",Express: Mis recetas para cocinar sin tiempo (F. COLECCION)
"https://images-eu.ssl-images-amazon.com/images/I/61gBmIFGdFL._AC_UL302_SR302,200_.jpg",El Poder: Un estratega lee a Maquiavelo
"https://images-eu.ssl-images-amazon.com/images/I/91734MWjGnL._AC_UL302_SR302,200_.jpg",La Fundación (Contemporánea)
"https://images-eu.ssl-images-amazon.com/images/I/819uRcQsOCL._AC_UL302_SR302,200_.jpg",La vida va de esto (No Ficción)
"https://images-eu.ssl-images-amazon.com/images/I/81eRRkJz8ZL._AC_UL302_SR302,200_.jpg",Los Siete Maridos De Evelyn Hugo (Umbriel narrativa)
"https://images-eu.ssl-images-amazon.com/images/I/81MsrnRlsYL._AC_UL302_SR302,200_.jpg",A través de ti (Trilogía Hermanos Hidalgo 2)
"https://images-eu.ssl-images-amazon.com/images/I/91NT+oiVxkL._AC_UL302_SR302,200_.jpg","De mayor quiero ser... feliz: 6 cuentos para potenciar la positividad y autoestima de los niños (Emociones, valores y hábitos)"
"https://images-eu.ssl-images-amazon.com/images/I/810cDZ9CGPL._AC_UL302_SR302,200_.jpg",¿Puedo mirar tu pañal? (Libros de cartón)
"https://images-eu.ssl-images-amazon.com/images/I/51ISoNGHXCL._AC_UL302_SR302,200_.jpg",Código Penal
"https://images-eu.ssl-images-amazon.com/images/I/511emkJdYZL._AC_UL302_SR302,200_.jpg","La guía para principiantes de caligrafía moderna y lettering a mano para niños: Un divertido cuaderno de actividades con técnicas paso a paso, ... con los que los más pequeños aprenderán"
"https://images-eu.ssl-images-amazon.com/images/I/719uzPo3j1L._AC_UL302_SR302,200_.jpg",Cómo ganar amigos e influir sobre las personas [Español]
"https://images-eu.ssl-images-amazon.com/images/I/91SYht-6D6L._AC_UL302_SR302,200_.jpg",La Biblia de Maestros de la costura (F. COLECCION)
"https://images-eu.ssl-images-amazon.com/images/I/71dx1X-QIKL._AC_UL302_SR302,200_.jpg",Anhelo (Serie Crave 1): Serie Crave (Planeta Internacional)
"https://images-eu.ssl-images-amazon.com/images/I/91ZVK4hPOWL._AC_UL302_SR302,200_.jpg",Bobicraft y el tesoro poderoso (Montena)
"https://images-eu.ssl-images-amazon.com/images/I/81Dt064gWpL._AC_UL302_SR302,200_.jpg","No tengas miedo a nada: Cumple tus deseos con amor, alegría y paz interior (No Ficción)"
"https://images-eu.ssl-images-amazon.com/images/I/81QsKRlVqJL._AC_UL302_SR302,200_.jpg","Dime qué comes y te diré qué bacterias tienes: El intestino, nuestro segundo cerebro(Alimentación saludable)"
"https://images-eu.ssl-images-amazon.com/images/I/81qoq8YoUmL._AC_UL302_SR302,200_.jpg",Aprender a leer en la Escuela de Monstruos 2 - Una liada de mermelada: En letra MAYÚSCULA para aprender a leer (Libros para niños a partir de 5 años)
"https://images-eu.ssl-images-amazon.com/images/I/91KwdvW6EEL._AC_UL302_SR302,200_.jpg",Nada (Contemporánea)
"https://images-eu.ssl-images-amazon.com/images/I/91XX7YKdM9L._AC_UL302_SR302,200_.jpg",Maus (Reservoir Gráfica)
"https://images-eu.ssl-images-amazon.com/images/I/31Kt71ItgyL._AC_UL302_SR302,200_.jpg",Papa dice (MIAU CARTON)
"https://images-eu.ssl-images-amazon.com/images/I/91sKHGpa22L._AC_UL302_SR302,200_.jpg",La Bestia: Premio Planeta 2021 (Autores Españoles e Iberoamericanos)
"https://images-eu.ssl-images-amazon.com/images/I/71J2DhKGTCL._AC_UL302_SR302,200_.jpg",Pepo y su orinal (Castellano - A PARTIR DE 0 AÑOS - PROYECTO DE 0 A 3 AÑOS - Libros emocionales)
"https://images-eu.ssl-images-amazon.com/images/I/41vNfCPBwqL._AC_UL302_SR302,200_.jpg",El día que dejó de nevar en Alaska (Titania fresh)
"https://images-eu.ssl-images-amazon.com/images/I/71r6B6fm5RL._AC_UL302_SR302,200_.jpg","CALIGRAFÍA CON PAUTA MONTESSORI 3.5 mm Y SUPERPODERES: Letra ligada escolar y frases positivas para mejorar tu caligrafía, ortografía y autoestima | ... Caligrafia niños 8 9 10 11 12 años Escritura"
"https://images-eu.ssl-images-amazon.com/images/I/71mf0KoCQLL._AC_UL302_SR302,200_.jpg",El Principito (Infantil)
"https://images-eu.ssl-images-amazon.com/images/I/81C-gey56cS._AC_UL302_SR302,200_.jpg","El italiano: una novela de amor, mar y guerra (Hispánica)"
"https://images-eu.ssl-images-amazon.com/images/I/51XIekHKZEL._AC_UL302_SR302,200_.jpg","Mimuselina Álbum Recuerdos del Embarazo | Y Entonces Llegaste Tú, Libro-Diario de Embarazo, Libro Embarazadas para Fotos, Pegatinas, Datos e Información. Consejos Semanales. Tapa Dura, 21'5 x 31,5 cm"
"https://images-eu.ssl-images-amazon.com/images/I/71K8NM7b2HL._AC_UL302_SR302,200_.jpg","Maya Erikson y el misterio del laberinto: un emocionante libro de aventuras para niños y niñas valientes (Edad: 7, 8, 9, 10, 11 y 12 años)"
"https://images-eu.ssl-images-amazon.com/images/I/71rgj6Xh91L._AC_UL302_SR302,200_.jpg",Rey servido y patria honrada: Una visión de la defensa de España (Deusto)
"https://images-eu.ssl-images-amazon.com/images/I/81UwT-oRcyL._AC_UL302_SR302,200_.jpg",Compas 2. Los Compas escapan de la prisión (nueva presentación) (4You2)
"https://images-eu.ssl-images-amazon.com/images/I/71mVri6PDWL._AC_UL302_SR302,200_.jpg",Los cuatro acuerdos: Un libro de sabiduría tolteca (Crecimiento personal)
"https://images-eu.ssl-images-amazon.com/images/I/81RNHav2oAL._AC_UL302_SR302,200_.jpg",Historia de una escalera (Contemporánea)
"https://images-eu.ssl-images-amazon.com/images/I/81pcp4G7cLL._AC_UL302_SR302,200_.jpg",La muerte contada por un sapiens a un neandertal (Hispánica)
"https://images-eu.ssl-images-amazon.com/images/I/81IHNnoPseL._AC_UL302_SR302,200_.jpg","MANUAL DE LETTERING PARA NIÑOS Y NIÑAS: Aprende, crea y diviértete"
"https://images-eu.ssl-images-amazon.com/images/I/71qjUuq74OL._AC_UL302_SR302,200_.jpg",LÍMITES: Cómo educar con límites conscientes y crecer juntos (Urano Crianza y Educación)
"https://images-eu.ssl-images-amazon.com/images/I/81tpMz6OfML._AC_UL302_SR302,200_.jpg",Furia (Serie Crave 2) (Planeta Internacional)
"https://images-eu.ssl-images-amazon.com/images/I/711FEyKKmAL._AC_UL302_SR302,200_.jpg",El tesoro del pirata: En letra MAYÚSCULA y de imprenta: libros para niños de 5 y 6 años (Aprender a leer en letra MAYÚSCULA e imprenta)
"https://images-eu.ssl-images-amazon.com/images/I/61SjH+Ja3hL._AC_UL302_SR302,200_.jpg",Maxicolor
"https://images-eu.ssl-images-amazon.com/images/I/91yPNzXuN5L._AC_UL302_SR302,200_.jpg",Compas 5. Los Compas perdidos en el espacio (4You2)
"https://images-eu.ssl-images-amazon.com/images/I/61aFAExOXWL._AC_UL302_SR302,200_.jpg",ATENCIÓN A LA DIVERSIDAD: Claves para una inclusión real en el aula ordinaria
"https://images-eu.ssl-images-amazon.com/images/I/81BkaUctcyL._AC_UL302_SR302,200_.jpg",Un cuento perfecto (Best Seller)
"https://images-eu.ssl-images-amazon.com/images/I/91bMgIeKNGL._AC_UL302_SR302,200_.jpg",Casa de tierra y sangre (Ciudad Medialuna 1)
"https://images-eu.ssl-images-amazon.com/images/I/81ZVmNRdoRL._AC_UL302_SR302,200_.jpg",1984 (Contemporánea)
"https://images-eu.ssl-images-amazon.com/images/I/81oIKGOlmVL._AC_UL302_SR302,200_.jpg",Trolardy 2. Trolardy y el misterio de Tutankarbón (4You2)
"https://images-eu.ssl-images-amazon.com/images/I/61kkhsznU1L._AC_UL302_SR302,200_.jpg",El rebaño: Cómo Occidente ha sucumbido a la tiranía ideológica
"https://images-eu.ssl-images-amazon.com/images/I/91HcYZBl8WL._AC_UL302_SR302,200_.jpg",Naruto nº 02/72 (Manga Shonen)
"https://images-eu.ssl-images-amazon.com/images/I/81jPBMD75vL._AC_UL302_SR302,200_.jpg",La regla mola (si sabes cómo funciona) (No ficción ilustrados)
"https://images-eu.ssl-images-amazon.com/images/I/71lwUjXef0S._AC_UL302_SR302,200_.jpg",La Belleza De Vivir. Todos Los Problemas Tienen Solución (Ciudadela)
